000430	대원강업	KOSPI
065690	파커스	KOSDAQ
437730	삼현	KOSDAQ
077500	유니퀘스트	KOSPI
114450	그린생명과학	KOSDAQ
011560	세보엠이씨	KOSDAQ
092460	한라IMS	KOSDAQ
092780	DYP	KOSPI
094940	푸른기술	KOSDAQ
321370	센서뷰	KOSDAQ
306620	지아이에스	KOSDAQ
085910	네오티스	KOSDAQ
006660	삼성공조	KOSPI
900260	로스웰	KOSDAQ
002220	한일철강	KOSPI
005680	삼영전자공업	KOSPI
417010	나노팀	KOSDAQ
419080	엔젯	KOSDAQ
322780	코퍼스코리아	KOSDAQ
460470	아이빔테크놀로지	KOSDAQ
330730	스톤브릿지벤처스	KOSDAQ
099430	바이오플러스	KOSDAQ
058970	엠로	KOSDAQ
232680	라온로보틱스	KOSDAQ
263860	지니언스	KOSDAQ
119610	인터로조	KOSDAQ
038070	서린바이오	KOSDAQ
001540	안국약품	KOSDAQ
032500	케이엠더블유	KOSDAQ
010170	대한광통신	KOSDAQ
006110	삼아알미늄	KOSPI
340570	티앤엘	KOSDAQ
187870	디바이스	KOSDAQ
007330	푸른저축은행	KOSDAQ
378850	화승알앤에이	KOSPI
457370	한켐	KOSDAQ
347850	디앤디파마텍	KOSDAQ
397030	에이프릴바이오	KOSDAQ
331920	셀레믹스	KOSDAQ
208710	포톤	KOSDAQ
192440	슈피겐코리아	KOSDAQ
203650	드림시큐리티	KOSDAQ
040350	크레오에스지	KOSDAQ
037760	쎄니트	KOSDAQ
018260	삼성에스디에스	KOSPI
004890	동일산업	KOSPI
381620	제닉스로보틱스	KOSDAQ
068100	케이웨더	KOSDAQ
037030	파워넷	KOSDAQ
219420	링크제니시스	KOSDAQ
122990	와이솔	KOSDAQ
071200	인피니트헬스케어	KOSDAQ
059090	미코	KOSDAQ
039740	한국정보공학	KOSDAQ
019210	와이지-원	KOSDAQ
025560	미래산업	KOSPI
000500	가온전선	KOSPI
000590	CS홀딩스	KOSPI
489500	엘케이켐	KOSDAQ
474610	RF시스템즈	KOSDAQ
452200	민테크	KOSDAQ
308080	바이젠셀	KOSDAQ
321260	프로이천	KOSDAQ
227610	아우딘퓨쳐스	KOSDAQ
131090	시큐브	KOSDAQ
131290	티에스이	KOSDAQ
035290	골드앤에스	KOSDAQ
036000	예림당	KOSDAQ
402340	SK스퀘어	KOSPI
000850	화천기공	KOSPI
002960	한국쉘석유	KOSPI
004710	한솔테크닉스	KOSPI
001020	페이퍼코리아	KOSPI
000150	두산	KOSPI
212710	아이에스티이	KOSDAQ
323350	다원넥스뷰	KOSDAQ
319400	현대무벡스	KOSDAQ
307180	아이엘	KOSDAQ
101680	한국정밀기계	KOSDAQ
059100	아이컴포넌트	KOSDAQ
086960	MDS테크	KOSDAQ
066900	디에이피	KOSDAQ
034730	SK	KOSPI
383930	디티앤씨알오	KOSDAQ
299660	셀리드	KOSDAQ
178320	서진시스템	KOSDAQ
219130	타이거일렉	KOSDAQ
097800	윈팩	KOSDAQ
060310	3S	KOSDAQ
039830	오로라	KOSDAQ
028080	휴맥스홀딩스	KOSDAQ
071950	코아스	KOSPI
078930	GS	KOSPI
013000	세우글로벌	KOSPI
002450	삼익악기	KOSPI
125020	티씨머티리얼즈	KOSDAQ
456010	아이씨티케이	KOSDAQ
365900	브이씨	KOSDAQ
900340	윙입푸드	KOSDAQ
243070	휴온스	KOSDAQ
187790	나노	KOSDAQ
168330	내츄럴엔도텍	KOSDAQ
115500	케이씨에스	KOSDAQ
027580	상보	KOSDAQ
051160	지어소프트	KOSDAQ
043360	디지아이	KOSDAQ
005990	매일홀딩스	KOSDAQ
031510	오스템	KOSDAQ
007390	네이처셀	KOSDAQ
012610	경인양행	KOSPI
010100	한국무브넥스	KOSPI
420570	제이투케이바이오	KOSDAQ
261780	차백신연구소	KOSDAQ
276730	한울앤제주	KOSDAQ
900250	크리스탈신소재	KOSDAQ
215790	이노인스트루먼트	KOSDAQ
051360	토비스	KOSDAQ
047080	한빛소프트	KOSDAQ
293480	하나제약	KOSPI
123700	에스제이엠	KOSPI
085310	엔케이	KOSPI
092200	디아이씨	KOSPI
007860	서연	KOSPI
000240	한국앤컴퍼니	KOSPI
000150	페스카로	KOSDAQ
000150	아로마티카	KOSDAQ
000150	그린광학	KOSDAQ
446540	메가터치	KOSDAQ
356860	티엘비	KOSDAQ
290690	소룩스	KOSDAQ
332570	PS일렉트로닉스	KOSDAQ
347890	엠엑스온	KOSDAQ
204270	제이앤티씨	KOSDAQ
290650	엘앤씨바이오	KOSDAQ
242040	나무기술	KOSDAQ
123010	알엔티엑스	KOSDAQ
087010	펩트론	KOSDAQ
166480	코아스템켐온	KOSDAQ
079940	가비아	KOSDAQ
032580	피델릭스	KOSDAQ
026910	광진실업	KOSDAQ
462520	조선내화	KOSPI
453340	현대그린푸드	KOSPI
155660	DSR	KOSPI
465480	인스피언	KOSDAQ
452280	한선엔지니어링	KOSDAQ
198940	한주라이트메탈	KOSDAQ
194700	노바렉스	KOSDAQ
046970	우리로	KOSDAQ
004780	대륙제관	KOSDAQ
137310	에스디바이오센서	KOSPI
267290	경동도시가스	KOSPI
060980	HL홀딩스	KOSPI
069730	DSR제강	KOSPI
014910	성문전자	KOSPI
012800	대창	KOSPI
462350	이노스페이스	KOSDAQ
358570	지아이이노베이션	KOSDAQ
376290	씨유테크	KOSDAQ
347700	스피어	KOSDAQ
247660	나노씨엠에스	KOSDAQ
179900	유티아이	KOSDAQ
147760	피엠티	KOSDAQ
238090	앤디포스	KOSDAQ
143540	영우디에스피	KOSDAQ
076610	해성옵틱스	KOSDAQ
120240	대정화금	KOSDAQ
121890	에스디시스템	KOSDAQ
093380	풍강	KOSDAQ
089140	넥스턴앤롤코리아	KOSDAQ
066980	한성크린텍	KOSDAQ
267250	HD현대	KOSPI
102460	이연제약	KOSPI
033780	케이티앤지	KOSPI
025000	KPX케미칼	KOSPI
005880	대한해운	KOSPI
011330	유니켐	KOSPI
002200	한국수출포장공업	KOSPI
425040	티이엠씨	KOSDAQ
159010	아스플로	KOSDAQ
950170	JTC	KOSDAQ
230360	에코마케팅	KOSDAQ
088290	이원컴포텍	KOSDAQ
052900	KX하이텍	KOSDAQ
050120	ES큐브	KOSDAQ
043370	피에이치에이	KOSDAQ
006090	사조오양	KOSPI
009470	삼화전기	KOSPI
331380	포커스에이아이	KOSDAQ
309930	조이웍스앤코	KOSDAQ
212560	네오오토	KOSDAQ
227950	엔투텍	KOSDAQ
178780	일월지엠엘	KOSDAQ
192410	오늘이엔엠	KOSDAQ
071850	캐스텍코리아	KOSDAQ
033540	파라텍	KOSDAQ
004590	한국가구	KOSDAQ
163560	동일고무벨트	KOSPI
025530	에스제이엠홀딩스	KOSPI
007340	DN오토모티브	KOSPI
009310	참엔지니어링	KOSPI
424870	이뮨온시아	KOSDAQ
302550	리메드	KOSDAQ
205500	넥써쓰	KOSDAQ
050890	쏠리드	KOSDAQ
058450	한주에이알티	KOSDAQ
018310	삼목에스폼	KOSDAQ
267850	아시아나IDT	KOSPI
023350	한국종합기술	KOSPI
009770	삼정펄프	KOSPI
024720	콜마홀딩스	KOSPI
004920	씨아이테크	KOSPI
000050	경방	KOSPI
254490	미래반도체	KOSDAQ
368970	오에스피	KOSDAQ
357230	에이치피오	KOSDAQ
053080	케이엔솔	KOSDAQ
250000	보라티알	KOSDAQ
069330	유아이디	KOSDAQ
001260	삼성에피스홀딩스	KOSPI
057050	현대홈쇼핑	KOSPI
090080	평화산업	KOSPI
005820	원림	KOSPI
015230	대창단조	KOSPI
001260	남광토건	KOSPI
001820	삼화콘덴서공업	KOSPI
005110	한창	KOSPI
418620	E8	KOSDAQ
380540	옵티코어	KOSDAQ
382840	원준	KOSDAQ
230240	에치에프알	KOSDAQ
196450	코아시아씨엠	KOSDAQ
033560	블루콤	KOSDAQ
052860	아이앤씨	KOSDAQ
065060	지엔코	KOSDAQ
043090	더테크놀로지	KOSDAQ
052300	오션인더블유	KOSDAQ
136490	선진	KOSPI
008870	금비	KOSPI
009320	아진전자부품	KOSPI
002420	세기상사	KOSPI
389470	인벤티지랩	KOSDAQ
310210	보로노이	KOSDAQ
264850	이랜시스	KOSDAQ
072950	빛샘전자	KOSDAQ
048770	TPC로보틱스	KOSDAQ
024740	한일단조	KOSDAQ
241560	두산밥캣	KOSPI
016740	두올	KOSPI
005440	현대지에프홀딩스	KOSPI
018470	조일알미늄	KOSPI
005720	넥센	KOSPI
002100	경농	KOSPI
004060	SG세계물산	KOSPI
000970	한국주철관공업	KOSPI
461300	아이스크림미디어	KOSDAQ
199480	뱅크웨어글로벌	KOSDAQ
344860	이노진	KOSDAQ
290120	DH오토리드	KOSDAQ
101240	씨큐브	KOSDAQ
082920	비츠로셀	KOSDAQ
109860	동일금속	KOSDAQ
083470	이엠앤아이	KOSDAQ
092300	현우산업	KOSDAQ
089790	제이티	KOSDAQ
080010	이상네트웍스	KOSDAQ
041930	SY동아	KOSDAQ
456040	OCI	KOSPI
244920	에이플러스에셋	KOSPI
122900	아이마켓코리아	KOSPI
009440	KC그린홀딩스	KOSPI
014580	태경비케이	KOSPI
002170	SYTS	KOSPI
001380	SG글로벌	KOSPI
000950	전방	KOSPI
482630	삼양엔씨켐	KOSDAQ
140430	카티스	KOSDAQ
445180	퓨릿	KOSDAQ
114840	아이패밀리에스씨	KOSDAQ
110990	디아이티	KOSDAQ
006620	동구바이오제약	KOSDAQ
171090	선익시스템	KOSDAQ
273060	와이즈버즈	KOSDAQ
189300	인텔리안테크	KOSDAQ
092870	엑시콘	KOSDAQ
115440	우리넷	KOSDAQ
043710	코스리거글로벌	KOSDAQ
037400	우리엔터프라이즈	KOSDAQ
377740	바이오노트	KOSPI
123890	한국자산신탁	KOSPI
181710	NHN	KOSPI
013870	지엠비코리아	KOSPI
100250	진양홀딩스	KOSPI
092440	기신정기	KOSPI
084870	티비에이치글로벌	KOSPI
079430	현대리바트	KOSPI
006890	태경케미컬	KOSPI
025890	한국주강	KOSPI
030720	동원수산	KOSPI
002140	고려산업	KOSPI
002210	동성제약	KOSPI
001290	상상인증권	KOSPI
004870	티웨이홀딩스	KOSPI
002600	조흥	KOSPI
001420	태원물산	KOSPI
387570	파인메딕스	KOSDAQ
458650	성우	KOSDAQ
340930	유일에너테크	KOSDAQ
282880	코윈테크	KOSDAQ
154040	다산솔루에타	KOSDAQ
130580	나이스디앤비	KOSDAQ
119830	아이텍	KOSDAQ
042520	한스바이오메드	KOSDAQ
065130	탑엔지니어링	KOSDAQ
064520	테크엘	KOSDAQ
019010	베뉴지	KOSDAQ
001200	삼양바이오팜	KOSPI
092790	넥스틸	KOSPI
339770	교촌에프앤비	KOSPI
027410	BGF	KOSPI
044450	KSS해운	KOSPI
034590	인천도시가스	KOSPI
029460	케이씨	KOSPI
021050	서원	KOSPI
011200	HMM	KOSPI
003680	한성기업	KOSPI
001200	유진증권	KOSPI
008350	남선알미늄	KOSPI
002780	진흥기업	KOSPI
004690	삼천리	KOSPI
001250	GS글로벌	KOSPI
004450	삼화왕관	KOSPI
000210	DL	KOSPI
006380	카프로	KOSPI
475430	키스트론	KOSDAQ
373110	엑셀세라퓨틱스	KOSDAQ
396470	워트	KOSDAQ
429270	시지트로닉스	KOSDAQ
260970	에스앤디	KOSDAQ
279600	미디어젠	KOSDAQ
318010	팜스빌	KOSDAQ
206400	베노티앤알	KOSDAQ
123410	코리아에프티	KOSDAQ
101330	모베이스	KOSDAQ
066310	큐에스아이	KOSDAQ
038060	루멘스	KOSDAQ
066430	아이로보틱스	KOSDAQ
061040	알에프텍	KOSDAQ
013990	아가방컴퍼니	KOSDAQ
056360	코위버	KOSDAQ
031860	디에이치엑스컴퍼니	KOSDAQ
017250	인터엠	KOSDAQ
002690	동일제강	KOSPI
145210	다이나믹디자인	KOSPI
129260	인터지스	KOSPI
107590	미원홀딩스	KOSPI
001780	알루코	KOSPI
017940	E1	KOSPI
015360	INVENI	KOSPI
025620	차AI헬스케어	KOSPI
004720	팜젠사이언스	KOSPI
008600	윌비스	KOSPI
015020	이스타코	KOSPI
002460	HS화성	KOSPI
003460	유화증권	KOSPI
352910	오비고	KOSDAQ
950220	네오이뮨텍	KOSDAQ
950160	코오롱티슈진	KOSDAQ
187220	디티앤씨	KOSDAQ
122450	KX	KOSDAQ
011320	유니크	KOSDAQ
031210	서울보증보험	KOSPI
111380	동인기연	KOSPI
460850	동국씨엠	KOSPI
009900	명신산업	KOSPI
294870	IPARK현대산업개발	KOSPI
134790	시디즈	KOSPI
102260	동성케미컬	KOSPI
018670	SK가스	KOSPI
001390	KG케미칼	KOSPI
001750	한양증권	KOSPI
003720	삼영	KOSPI
394420	리센스메디컬	KOSDAQ
491000	리브스메드	KOSDAQ
393970	대진첨단소재	KOSDAQ
209640	와이제이링크	KOSDAQ
307930	컴퍼니케이	KOSDAQ
100790	미래에셋벤처투자	KOSDAQ
258790	소프트캠프	KOSDAQ
900290	GRT	KOSDAQ
190510	나무가	KOSDAQ
115160	휴맥스	KOSDAQ
095340	ISC	KOSDAQ
065420	에스아이리소스	KOSDAQ
038620	위즈코프	KOSDAQ
016600	큐캐피탈	KOSDAQ
465770	STX그린로지스	KOSPI
248070	솔루엠	KOSPI
306200	세아제강	KOSPI
111110	호전실업	KOSPI
093240	형지엘리트	KOSPI
100220	비상교육	KOSPI
001560	제일연마	KOSPI
074610	이엔플러스	KOSPI
036460	한국가스공사	KOSPI
035150	백산	KOSPI
033250	체시스	KOSPI
012320	경동인베스트	KOSPI
007980	TP	KOSPI
016880	웅진	KOSPI
006980	우성	KOSPI
004830	덕성	KOSPI
004770	써니전자	KOSPI
008260	NI스틸	KOSPI
000300	DH오토넥스	KOSPI
459100	위츠	KOSDAQ
348210	넥스틴	KOSDAQ
332370	아이디피	KOSDAQ
060850	영림원소프트랩	KOSDAQ
091340	S&K폴리텍	KOSDAQ
089010	켐트로닉스	KOSDAQ
072870	메가스터디	KOSDAQ
072020	중앙백신	KOSDAQ
052770	아이톡시	KOSDAQ
042510	라온시큐어	KOSDAQ
036480	대성미생물	KOSDAQ
001840	이화공영	KOSDAQ
279570	케이뱅크	KOSPI
248170	샘표식품	KOSPI
095570	AJ네트웍스	KOSPI
210980	SK디앤디	KOSPI
104700	한국철강	KOSPI
096760	JW홀딩스	KOSPI
058430	포스코스틸리온	KOSPI
068290	삼성출판사	KOSPI
016580	환인제약	KOSPI
008420	문배철강	KOSPI
005870	휴니드테크놀러지스	KOSPI
001620	케이비아이동국실업	KOSPI
009180	한솔로지스틱스	KOSPI
006040	동원산업	KOSPI
001770	SHD	KOSPI
002620	제일파마홀딩스	KOSPI
006490	인스코비	KOSPI
000860	강남제비스코	KOSPI
362990	드림인사이트	KOSDAQ
440320	오픈놀	KOSDAQ
059270	해성에어로보틱스	KOSDAQ
229000	젠큐릭스	KOSDAQ
288620	에스프리즘	KOSDAQ
215380	우정바이오	KOSDAQ
189690	포시에스	KOSDAQ
092040	아미코젠	KOSDAQ
121850	코이즈	KOSDAQ
115530	씨엔플러스	KOSDAQ
079190	케스피온	KOSDAQ
066620	국보디자인	KOSDAQ
060250	NHN KCP	KOSDAQ
053260	금강철강	KOSDAQ
045300	성우테크론	KOSDAQ
053160	프리엠스	KOSDAQ
039010	현대에이치티	KOSDAQ
035610	솔본	KOSDAQ
014100	메디앙스	KOSDAQ
024120	KB오토시스	KOSDAQ
008370	원풍	KOSDAQ
062040	산일전기	KOSPI
126720	수산인더스트리	KOSPI
264900	크라운제과	KOSPI
023000	삼원강재	KOSPI
119650	KC코트렐	KOSPI
071320	지역난방공사	KOSPI
094280	효성 ITX	KOSPI
033270	유나이티드	KOSPI
089470	HDC현대EP	KOSPI
090350	노루페인트	KOSPI
084010	대한제강	KOSPI
083420	그린케미칼	KOSPI
010960	삼호개발	KOSPI
072130	유엔젤	KOSPI
071090	하이스틸	KOSPI
017370	우신시스템	KOSPI
020760	일진디스플	KOSPI
036580	팜스코	KOSPI
019490	엑시큐어하이트론	KOSPI
024890	대원화성	KOSPI
005320	온타이드	KOSPI
030210	다올투자증권	KOSPI
012630	HDC	KOSPI
011810	STX	KOSPI
001940	KISCO홀딩스	KOSPI
011280	태림포장	KOSPI
002410	범양건영	KOSPI
004970	신라교역	KOSPI
001470	삼부토건	KOSPI
005030	부산주공	KOSPI
004800	효성	KOSPI
006220	제주은행	KOSPI
125490	한라캐스트	KOSDAQ
309710	아이티켐	KOSDAQ
412540	제일엠앤에스	KOSDAQ
418250	시큐레터	KOSDAQ
377460	큐에이드	KOSDAQ
222160	NPX	KOSDAQ
351330	이삭엔지니어링	KOSDAQ
352770	셀레스트라	KOSDAQ
198080	캐프	KOSDAQ
244460	올리패스	KOSDAQ
313760	캐리	KOSDAQ
307870	비투엔	KOSDAQ
027360	아주IB투자	KOSDAQ
227100	프로브잇	KOSDAQ
175250	아이큐어	KOSDAQ
245620	EDGC	KOSDAQ
284620	카이노스메드	KOSDAQ
016790	현대사료	KOSDAQ
258830	세종메디칼	KOSDAQ
269620	시스웍	KOSDAQ
263810	상신전자	KOSDAQ
217480	에스디생명공학	KOSDAQ
241820	피씨엘	KOSDAQ
234920	자이글	KOSDAQ
115180	큐리언트	KOSDAQ
203690	아크솔루션스	KOSDAQ
106520	노블엠앤비	KOSDAQ
121800	비덴트	KOSDAQ
068940	셀피글로벌	KOSDAQ
079970	투비소프트	KOSDAQ
099520	DGI	KOSDAQ
065150	대산F&B	KOSDAQ
060540	에스에이티	KOSDAQ
082660	코스나인	KOSDAQ
074430	아미노로직스	KOSDAQ
073640	테라사이언스	KOSDAQ
066790	씨씨에스	KOSDAQ
065570	삼영이엔씨	KOSDAQ
041590	플래스크	KOSDAQ
054210	이랜텍	KOSDAQ
060240	스타코링크	KOSDAQ
054180	메디콕스	KOSDAQ
052330	코텍	KOSDAQ
043220	티에스넥스젠	KOSDAQ
046070	코다코	KOSDAQ
036690	코맥스	KOSDAQ
038010	제일테크노스	KOSDAQ
035620	바른손이앤에이	KOSDAQ
032980	바이온	KOSDAQ
017650	대림제지	KOSDAQ
487570	HS효성	KOSPI
446070	유니드비티플러스	KOSPI
284740	쿠쿠홈시스	KOSPI
272550	삼양패키징	KOSPI
014710	사조씨푸드	KOSPI
081660	미스토홀딩스	KOSPI
029780	삼성카드	KOSPI
075180	새론오토모티브	KOSPI
028050	삼성E&A	KOSPI
010120	엘에스일렉트릭	KOSPI
017550	수산세보틱스	KOSPI
004080	신흥	KOSPI
010640	진양폴리우레탄	KOSPI
004100	태양금속공업	KOSPI
000490	대동	KOSPI
448280	에코아이	KOSDAQ
188260	세니젠	KOSDAQ
298830	슈어소프트테크	KOSDAQ
353590	오토앤	KOSDAQ
333620	엔시스	KOSDAQ
340440	세림B&G	KOSDAQ
063760	이엘피	KOSDAQ
252500	세화피앤씨	KOSDAQ
208350	지란지교시큐리티	KOSDAQ
170920	엘티씨	KOSDAQ
007820	엠엑스로보틱스	KOSDAQ
138610	나이벡	KOSDAQ
131180	딜리	KOSDAQ
105330	케이엔더블유	KOSDAQ
010240	흥국	KOSDAQ
094860	네오리진	KOSDAQ
089150	케이씨티	KOSDAQ
090150	아이윈	KOSDAQ
078860	아이오케이이엔엠	KOSDAQ
083790	CG인바이츠	KOSDAQ
078890	가온그룹	KOSDAQ
034950	한국기업평가	KOSDAQ
053620	태양	KOSDAQ
048830	엔피케이	KOSDAQ
038680	에스넷	KOSDAQ
039610	화성밸브	KOSDAQ
027040	서울전자통신	KOSDAQ
019540	일지테크	KOSDAQ
475150	SK이터닉스	KOSPI
013890	지누스	KOSPI
034830	한국토지신탁	KOSPI
039570	HDC랩스	KOSPI
101140	인바이오젠	KOSPI
094800	맵스리얼티	KOSPI
014830	유니드	KOSPI
033240	자화전자	KOSPI
030000	제일기획	KOSPI
006740	블루산업개발	KOSPI
017390	서울도시가스	KOSPI
009680	모토닉	KOSPI
006060	화승인더스트리	KOSPI
007280	한국특강	KOSPI
004840	DRB동일	KOSPI
000220	유유제약	KOSPI
000230	일동홀딩스	KOSPI
002900	TYM	KOSPI
003300	한일홀딩스	KOSPI
488280	에스투더블유	KOSDAQ
402490	그린리소스	KOSDAQ
434480	모니터랩	KOSDAQ
084440	유비온	KOSDAQ
405100	큐알티	KOSDAQ
276040	스코넥	KOSDAQ
382480	지아이텍	KOSDAQ
351320	넥사다이내믹스	KOSDAQ
333050	이노테나	KOSDAQ
158430	아톤	KOSDAQ
104620	노랑풍선	KOSDAQ
290550	디케이티	KOSDAQ
290720	푸드나무	KOSDAQ
173130	오파스넷	KOSDAQ
204020	그리티	KOSDAQ
258610	케일럼	KOSDAQ
161580	필옵틱스	KOSDAQ
250930	예선테크	KOSDAQ
222420	쎄노텍	KOSDAQ
205470	휴마시스	KOSDAQ
130500	GH신소재	KOSDAQ
155650	와이엠씨	KOSDAQ
109080	옵티시스	KOSDAQ
019770	서연탑메탈	KOSDAQ
068240	다원시스	KOSDAQ
092730	네오팜	KOSDAQ
083660	CSA 코스믹	KOSDAQ
022220	티케이지애강	KOSDAQ
016100	리더스코스메틱	KOSDAQ
049180	셀루메드	KOSDAQ
035200	프럼파스트	KOSDAQ
054800	아이디스홀딩스	KOSDAQ
021880	메이슨캐피탈	KOSDAQ
019550	SBI인베스트먼트	KOSDAQ
022100	포스코DX	KOSPI
457190	이수스페셜티케미컬	KOSPI
079980	휴비스	KOSPI
128820	대성산업	KOSPI
012160	영흥	KOSPI
058730	다스코	KOSPI
035250	강원랜드	KOSPI
069460	대호에이엘	KOSPI
016710	대성홀딩스	KOSPI
029530	신도리코	KOSPI
003160	디아이	KOSPI
000760	이화산업	KOSPI
000390	SP삼화	KOSPI
005750	대림바스	KOSPI
017040	광명전기	KOSPI
014160	대영포장	KOSPI
009290	광동제약	KOSPI
004270	남성	KOSPI
009160	SIMPAC	KOSPI
006370	대구백화점	KOSPI
000890	보해양조	KOSPI
005800	신영와코루	KOSPI
001550	조비	KOSPI
004910	조광페인트	KOSPI
001120	LX인터내셔널	KOSPI
002720	국제약품	KOSPI
005010	휴스틸	KOSPI
004250	엔피씨	KOSPI
000700	유수홀딩스	KOSPI
413390	엠오티	KOSDAQ
451760	컨텍	KOSDAQ
304360	에스바이오메딕스	KOSDAQ
290090	트윔	KOSDAQ
376980	원티드랩	KOSDAQ
214610	롤링스톤	KOSDAQ
339950	아이비김영	KOSDAQ
288330	파라택시스코리아	KOSDAQ
275630	에스에스알	KOSDAQ
260930	씨티케이	KOSDAQ
256940	킵스파마	KOSDAQ
118990	모트렉스	KOSDAQ
246720	아스타	KOSDAQ
241520	DSC인베스트먼트	KOSDAQ
073560	우리손에프앤지	KOSDAQ
225430	케이엠제약	KOSDAQ
131760	파인텍	KOSDAQ
217500	러셀	KOSDAQ
184230	SGA솔루션즈	KOSDAQ
128660	피제이메탈	KOSDAQ
106080	케이이엠텍	KOSDAQ
101000	KS인더스트리	KOSDAQ
089890	코세스	KOSDAQ
083550	케이엠	KOSDAQ
067770	세진티에스	KOSDAQ
064090	인크레더블버즈	KOSDAQ
044180	KD	KOSDAQ
009300	삼아제약	KOSDAQ
039020	이건홀딩스	KOSDAQ
034940	조아제약	KOSDAQ
033310	엠투엔	KOSDAQ
032680	소프트센	KOSDAQ
023440	제이스코홀딩스	KOSDAQ
018700	졸스	KOSDAQ
361610	SK아이이테크놀로지	KOSPI
234080	JW생명과학	KOSPI
133820	화인베스틸	KOSPI
161000	애경케미칼	KOSPI
120110	코오롱인더	KOSPI
026940	부국철강	KOSPI
081000	일진다이아	KOSPI
078000	텔코웨어	KOSPI
034310	NICE	KOSPI
007120	미래아이앤지	KOSPI
023150	MH에탄올	KOSPI
024070	WISCOM	KOSPI
017800	현대엘리베이터	KOSPI
011690	와이투솔루션	KOSPI
002760	보락	KOSPI
002840	미원상사	KOSPI
008250	이건산업	KOSPI
008700	아남전자	KOSPI
009070	케이씨티시	KOSPI
000480	시알홀딩스	KOSPI
006120	SK디스커버리	KOSPI
002020	코오롱	KOSPI
003780	진양산업	KOSPI
101970	우양에이치씨	KOSDAQ
476060	온코닉테라퓨틱스	KOSDAQ
469750	아이비젼웍스	KOSDAQ
145170	노브랜드	KOSDAQ
452300	캡스톤파트너스	KOSDAQ
396300	세아메카닉스	KOSDAQ
311320	지오엘리먼트	KOSDAQ
376180	피코그램	KOSDAQ
382800	지앤비에스 에코	KOSDAQ
365270	큐라클	KOSDAQ
347000	센코	KOSDAQ
277880	티에스아이	KOSDAQ
317120	라닉스	KOSDAQ
263600	덕우전자	KOSDAQ
140070	서플러스글로벌	KOSDAQ
221980	케이디켐	KOSDAQ
218150	미래생명자원	KOSDAQ
215360	우리산업	KOSDAQ
059120	아진엑스텍	KOSDAQ
170030	현대공업	KOSDAQ
143240	사람인	KOSDAQ
117670	알파칩스	KOSDAQ
093920	서원인텍	KOSDAQ
093520	매커스	KOSDAQ
019990	에너토크	KOSDAQ
041440	현대에버다임	KOSDAQ
051380	피씨디렉트	KOSDAQ
044480	빌리언스	KOSDAQ
038540	상상인	KOSDAQ
037440	희림	KOSDAQ
036030	케이티알파	KOSDAQ
035460	기산텔레콤	KOSDAQ
025440	DH오토웨어	KOSDAQ
217590	티엠씨	KOSPI
317400	자이에스앤디	KOSPI
018250	애경산업	KOSPI
010040	한국내화	KOSPI
016450	한세예스24홀딩스	KOSPI
023590	다우기술	KOSPI
016590	신대양제지	KOSPI
013360	일성건설	KOSPI
007690	국도화학	KOSPI
002920	유성기업	KOSPI
006200	한국전자홀딩스	KOSPI
004310	현대약품	KOSPI
002240	고려제강	KOSPI
002820	SUN&L	KOSPI
001530	디아이동일	KOSPI
484810	티엑스알로보틱스	KOSDAQ
418550	제이오	KOSDAQ
411080	샌즈랩	KOSDAQ
187660	페니트리움바이오	KOSDAQ
262840	아이퀘스트	KOSDAQ
290520	신도기연	KOSDAQ
294630	서남	KOSDAQ
317830	에스피시스템스	KOSDAQ
317770	엑스페릭스	KOSDAQ
323280	태성	KOSDAQ
270870	뉴트리	KOSDAQ
110790	크리스에프앤씨	KOSDAQ
183490	엔지켐생명과학	KOSDAQ
265560	영화테크	KOSDAQ
234100	폴라리스세원	KOSDAQ
267320	나인테크	KOSDAQ
263770	유에스티	KOSDAQ
142760	모아라이프플러스	KOSDAQ
225590	패션플랫폼	KOSDAQ
214430	아이쓰리시스템	KOSDAQ
080580	오킨스전자	KOSDAQ
100660	서암기계공업	KOSDAQ
089980	상아프론테크	KOSDAQ
131400	이브이첨단소재	KOSDAQ
109960	앱토크롬	KOSDAQ
094840	슈프리마에이치큐	KOSDAQ
096870	엘디티	KOSDAQ
097870	효성오앤비	KOSDAQ
069920	엑시온그룹	KOSDAQ
088390	이녹스	KOSDAQ
088910	동우팜투테이블	KOSDAQ
084730	팅크웨어	KOSDAQ
078140	대봉엘에스	KOSDAQ
066700	테라젠이텍스	KOSDAQ
066590	스모트로닉	KOSDAQ
045340	토탈소프트	KOSDAQ
057680	티사이언티픽	KOSDAQ
049550	잉크테크	KOSDAQ
053270	구영테크	KOSDAQ
054540	삼영엠텍	KOSDAQ
053450	세코닉스	KOSDAQ
052420	오성첨단소재	KOSDAQ
040420	정상제이엘에스	KOSDAQ
038880	아이에이	KOSDAQ
009520	포스코엠텍	KOSDAQ
033200	모아텍	KOSDAQ
018000	유니슨	KOSDAQ
006140	피제이전자	KOSDAQ
009730	이렘	KOSDAQ
006920	모헨즈	KOSDAQ
034230	파라다이스	KOSPI
372910	한컴라이프케어	KOSPI
308170	씨티알모빌리티	KOSPI
006880	신송홀딩스	KOSPI
039130	하나투어	KOSPI
123690	한국화장품	KOSPI
028100	동아지질	KOSPI
044380	주연테크	KOSPI
084680	이월드	KOSPI
016800	퍼시스	KOSPI
011930	신성이엔지	KOSPI
008040	사조동아원	KOSPI
009580	무림P&P	KOSPI
006340	대원전선	KOSPI
001720	신영증권	KOSPI
011700	한신기계공업	KOSPI
004430	송원산업	KOSPI
004090	한국석유공업	KOSPI
002870	신풍	KOSPI
007540	샘표	KOSPI
001460	BYC	KOSPI
005360	모나미	KOSPI
012210	삼미금속	KOSDAQ
014950	삼익제약	KOSDAQ
287840	인투셀	KOSDAQ
452450	피아이이	KOSDAQ
336680	탑런토탈솔루션	KOSDAQ
431190	케이쓰리아이	KOSDAQ
352090	스톰테크	KOSDAQ
146060	율촌	KOSDAQ
355390	크라우드웍스	KOSDAQ
406820	뷰티스킨	KOSDAQ
393210	토마토시스템	KOSDAQ
424980	마이크로투나노	KOSDAQ
162300	신스틸	KOSDAQ
370090	퓨런티어	KOSDAQ
102370	케이옥션	KOSDAQ
377030	비트맥스	KOSDAQ
239890	피엔에이치테크	KOSDAQ
352940	인바이오	KOSDAQ
354200	엔젠바이오	KOSDAQ
084850	아이티엠반도체	KOSDAQ
332290	누보	KOSDAQ
099750	이지케어텍	KOSDAQ
307280	원바이오젠	KOSDAQ
263690	디알젬	KOSDAQ
219750	한국비티비	KOSDAQ
253590	네오셈	KOSDAQ
254120	자비스	KOSDAQ
222110	팬젠	KOSDAQ
214370	케어젠	KOSDAQ
087600	픽셀플러스	KOSDAQ
208640	썸에이지	KOSDAQ
134580	탑코미디어	KOSDAQ
113810	디젠스	KOSDAQ
104480	티케이케미칼	KOSDAQ
131370	알서포트	KOSDAQ
070300	엑스큐어	KOSDAQ
100030	인지소프트	KOSDAQ
900100	파이온엑스	KOSDAQ
101400	엔시트론	KOSDAQ
097780	에코볼트	KOSDAQ
095190	신화프리텍	KOSDAQ
057540	옴니시스템	KOSDAQ
091120	이엠텍	KOSDAQ
075130	플랜티넷	KOSDAQ
079810	APS이노베이션	KOSDAQ
049950	미래컴퍼니	KOSDAQ
039340	한국경제TV	KOSDAQ
071280	로체시스템즈	KOSDAQ
067290	JW신약	KOSDAQ
066670	디티씨	KOSDAQ
065170	비엘팜텍	KOSDAQ
065530	와이어블	KOSDAQ
048470	대동스틸	KOSDAQ
044490	태웅	KOSDAQ
040300	YTN	KOSDAQ
052600	한네트	KOSDAQ
040160	누리플렉스	KOSDAQ
045060	오공	KOSDAQ
036800	나이스정보통신	KOSDAQ
027050	코리아나	KOSDAQ
033230	인성정보	KOSDAQ
033340	좋은사람들	KOSDAQ
027710	팜스토리	KOSDAQ
012860	모베이스전자	KOSDAQ
021080	에이티넘인베스트	KOSDAQ
139990	아주스틸	KOSPI
326030	에스케이바이오팜	KOSPI
268280	미원에스씨	KOSPI
070960	모나용평	KOSPI
213500	한솔제지	KOSPI
114090	GKL	KOSPI
017180	명문제약	KOSPI
035000	HS애드	KOSPI
016090	대현	KOSPI
014280	금강공업	KOSPI
009460	한창제지	KOSPI
000180	성창기업지주	KOSPI
002030	아세아	KOSPI
458350	에스팀	KOSDAQ
455180	케이지에이	KOSDAQ
435570	에르코스	KOSDAQ
109670	씨싸이트	KOSDAQ
452160	제이엔비	KOSDAQ
365330	에스와이스틸텍	KOSDAQ
438700	버넥트	KOSDAQ
309960	LB인베스트먼트	KOSDAQ
405000	플라즈맵	KOSDAQ
393890	더블유씨피	KOSDAQ
389140	포바이포	KOSDAQ
361670	삼영에스앤씨	KOSDAQ
356890	싸이버원	KOSDAQ
163730	핑거	KOSDAQ
129890	앱코	KOSDAQ
355150	코스텍시스	KOSDAQ
291650	압타머사이언스	KOSDAQ
318000	KBG	KOSDAQ
312610	에이에프더블류	KOSDAQ
100590	머큐리	KOSDAQ
277070	린드먼아시아	KOSDAQ
236200	슈프리마	KOSDAQ
013310	아진산업	KOSDAQ
127710	아시아경제	KOSDAQ
215090	솔디펜스	KOSDAQ
090410	덕신이피씨	KOSDAQ
090850	현대이지웰	KOSDAQ
153490	우리이앤엘하루틴	KOSDAQ
067920	이글루	KOSDAQ
101170	우림피티에스	KOSDAQ
082270	젬백스	KOSDAQ
060570	드림어스컴퍼니	KOSDAQ
042600	새로닉스	KOSDAQ
060150	인선이엔티	KOSDAQ
054410	케이피티유	KOSDAQ
051390	YW	KOSDAQ
038460	바이오스마트	KOSDAQ
038950	파인디지털	KOSDAQ
035890	서희건설	KOSDAQ
020710	시공테크	KOSDAQ
033050	제이엠아이	KOSDAQ
032860	더라미	KOSDAQ
025950	동신건설	KOSDAQ
023900	풍국주정	KOSDAQ
018120	진로발효	KOSDAQ
483650	달바글로벌	KOSPI
017860	DS단석	KOSPI
298050	HS효성첨단소재	KOSPI
145990	삼양사	KOSPI
120030	조선선재	KOSPI
092220	KEC	KOSPI
019680	대교	KOSPI
067830	세이브존I&C	KOSPI
006840	AK홀딩스	KOSPI
030200	케이티	KOSPI
023960	에쓰씨엔지니어링	KOSPI
014790	HL D&I	KOSPI
011390	부산산업	KOSPI
005420	코스모화학	KOSPI
003350	한국화장품제조	KOSPI
001080	만호제강	KOSPI
001210	금호전기	KOSPI
001440	대한전선	KOSPI
000070	삼양홀딩스	KOSPI
261520	이지스	KOSDAQ
488900	비츠로넥스텍	KOSDAQ
373160	데이원컴퍼니	KOSDAQ
177900	쓰리에이로직스	KOSDAQ
382150	온코크로스	KOSDAQ
466410	사이냅소프트	KOSDAQ
464580	닷밀	KOSDAQ
351870	차이커뮤니케이션	KOSDAQ
464500	아이언디바이스	KOSDAQ
354320	알멕	KOSDAQ
127980	화인써키트	KOSDAQ
204610	티쓰리	KOSDAQ
107600	새빗켐	KOSDAQ
064850	에프앤가이드	KOSDAQ
032300	한국파마	KOSDAQ
327260	RF머트리얼즈	KOSDAQ
335870	윙스풋	KOSDAQ
234340	헥토파이낸셜	KOSDAQ
293580	나우IB	KOSDAQ
291230	엔피	KOSDAQ
290270	휴네시온	KOSDAQ
154030	아시아종묘	KOSDAQ
256840	한국비엔씨	KOSDAQ
900270	헝셩그룹	KOSDAQ
217190	제너셈	KOSDAQ
094170	동운아나텍	KOSDAQ
189860	서전기전	KOSDAQ
208140	정다운	KOSDAQ
004650	창해에탄올	KOSDAQ
138080	오이솔루션	KOSDAQ
091590	남화토건	KOSDAQ
139670	키네마스터	KOSDAQ
119500	포메탈	KOSDAQ
092130	이크레더블	KOSDAQ
093640	케이알엠	KOSDAQ
093190	빅솔론	KOSDAQ
064820	케이프	KOSDAQ
088130	동아엘텍	KOSDAQ
067280	멀티캠퍼스	KOSDAQ
084990	헬릭스미스	KOSDAQ
067900	와이엔텍	KOSDAQ
073010	케이에스피	KOSDAQ
078130	국일제지	KOSDAQ
054090	삼진엘앤디	KOSDAQ
064240	홈캐스트	KOSDAQ
065440	이루온	KOSDAQ
046940	우원개발	KOSDAQ
042500	링네트	KOSDAQ
014940	오리엔탈정공	KOSDAQ
053800	안랩	KOSDAQ
033790	피노	KOSDAQ
045660	에이텍	KOSDAQ
049480	오픈베이스	KOSDAQ
042940	상지건설	KOSDAQ
042370	비츠로테크	KOSDAQ
042110	에스씨디	KOSDAQ
036640	HRS	KOSDAQ
039240	경남스틸	KOSDAQ
036170	에이치엠넥스	KOSDAQ
037230	한국팩키지	KOSDAQ
008290	원풍물산	KOSDAQ
024950	삼천리자전거	KOSDAQ
024060	흥구석유	KOSDAQ
014970	삼륭물산	KOSDAQ
002290	삼일기업공사	KOSDAQ
017510	세명전기	KOSDAQ
298020	효성티앤씨	KOSPI
285130	SK케미칼	KOSPI
267270	HD건설기계	KOSPI
069640	한세엠케이	KOSPI
053210	케이티스카이라이프	KOSPI
126560	현대퓨처넷	KOSPI
118000	메타케어	KOSPI
071970	HD현대마린엔진	KOSPI
090370	메타랩스	KOSPI
023450	동남합성	KOSPI
008500	일정실업	KOSPI
008770	호텔신라	KOSPI
012200	계양전기	KOSPI
003120	일성아이에스	KOSPI
000650	천일고속	KOSPI
002070	비비안	KOSPI
002700	신일전자	KOSPI
001790	대한제당	KOSPI
061090	세나테크놀로지	KOSDAQ
342870	오아	KOSDAQ
462860	더즌	KOSDAQ
475460	미트박스	KOSDAQ
478560	블랙야크아이앤씨	KOSDAQ
475580	에이럭스	KOSDAQ
474170	루미르	KOSDAQ
443670	에스피소프트	KOSDAQ
472850	폰드그룹	KOSDAQ
105760	포스뱅크	KOSDAQ
290560	파라택시스이더리움	KOSDAQ
441270	파인엠텍	KOSDAQ
314140	알피바이오	KOSDAQ
148930	에이치와이티씨	KOSDAQ
413630	씨피시스템	KOSDAQ
361570	알비더블유	KOSDAQ
388790	라이콤	KOSDAQ
303530	이노뎁	KOSDAQ
357550	석경에이티	KOSDAQ
304840	피플바이오	KOSDAQ
262260	에이프로	KOSDAQ
353810	이지바이오	KOSDAQ
333430	일승	KOSDAQ
289010	아이스크림에듀	KOSDAQ
128540	에코캡	KOSDAQ
153710	옵티팜	KOSDAQ
267790	배럴	KOSDAQ
277410	인산가	KOSDAQ
225190	LK삼양	KOSDAQ
246690	TS인베스트먼트	KOSDAQ
220180	핸디소프트	KOSDAQ
238120	얼라인드	KOSDAQ
241690	유니테크노	KOSDAQ
250060	모비스	KOSDAQ
191410	육일씨엔에쓰	KOSDAQ
224110	에이텍모빌리티	KOSDAQ
060480	국일신동	KOSDAQ
204840	지엘팜텍	KOSDAQ
171120	라이온켐텍	KOSDAQ
170790	파이오링크	KOSDAQ
950130	엑세스바이오	KOSDAQ
123570	이엠넷	KOSDAQ
131220	대한과학	KOSDAQ
136540	윈스테크넷	KOSDAQ
103230	에스앤더블류	KOSDAQ
102940	코오롱생명과학	KOSDAQ
106240	파인테크닉스	KOSDAQ
053280	예스24	KOSDAQ
080520	오디텍	KOSDAQ
086040	바이오톡스텍	KOSDAQ
095270	웨이브일렉트로	KOSDAQ
083640	인콘	KOSDAQ
083930	아바코	KOSDAQ
080160	모두투어	KOSDAQ
079950	인베니아	KOSDAQ
052220	iMBC	KOSDAQ
053980	오상자이엘	KOSDAQ
060590	씨티씨바이오	KOSDAQ
054300	팬스타엔터프라이즈	KOSDAQ
054220	비츠로시스	KOSDAQ
056190	에스에프에이	KOSDAQ
054940	엑사이엔씨	KOSDAQ
054920	한컴위드	KOSDAQ
041960	코미팜	KOSDAQ
051780	큐로홀딩스	KOSDAQ
049430	코메론	KOSDAQ
032080	아즈텍WB	KOSDAQ
007370	진양제약	KOSDAQ
038390	레드캡투어	KOSDAQ
005160	동국산업	KOSDAQ
015710	코콤	KOSDAQ
032280	삼일	KOSDAQ
012340	뉴인텍	KOSDAQ
024940	PN풍년	KOSDAQ
024840	KBI메탈	KOSDAQ
013120	동원개발	KOSDAQ
024880	케이피에프	KOSDAQ
005860	한일사료	KOSDAQ
001000	신라섬유	KOSDAQ
014470	부방	KOSDAQ
003310	대주산업	KOSDAQ
439260	대한조선	KOSPI
462870	시프트업	KOSPI
363280	티와이홀딩스	KOSPI
298040	효성중공업	KOSPI
214330	금호에이치티	KOSPI
053690	한미글로벌	KOSPI
095720	웅진씽크빅	KOSPI
025750	한솔홈데코	KOSPI
051630	진양화학	KOSPI
017810	풀무원	KOSPI
014990	인디에프	KOSPI
004700	조광피혁	KOSPI
136150	원일티엔아이	KOSDAQ
364950	에이아이코리아	KOSDAQ
463480	모티브링크	KOSDAQ
432980	엠에프씨	KOSDAQ
457600	벡트	KOSDAQ
476080	M83	KOSDAQ
450330	하스	KOSDAQ
107640	한중엔시에스	KOSDAQ
451250	삐아	KOSDAQ
455900	엔젤로보틱스	KOSDAQ
388720	유일로보틱스	KOSDAQ
137080	나래나노텍	KOSDAQ
391710	코닉오토메이션	KOSDAQ
273640	와이엠텍	KOSDAQ
099390	브레인즈컴퍼니	KOSDAQ
357580	아모센스	KOSDAQ
321820	아티스트컴퍼니	KOSDAQ
199820	제일일렉트릭	KOSDAQ
347770	핌스	KOSDAQ
225220	제놀루션	KOSDAQ
950200	소마젠	KOSDAQ
317330	덕산테코피아	KOSDAQ
110020	전진바이오팜	KOSDAQ
297570	알로이스	KOSDAQ
237750	피앤씨테크	KOSDAQ
067730	로지시스	KOSDAQ
205100	엑셈	KOSDAQ
192250	케이사인	KOSDAQ
151860	KG에코솔루션	KOSDAQ
136480	하림	KOSDAQ
096690	에이루트	KOSDAQ
104200	NHN벅스	KOSDAQ
099220	SDN	KOSDAQ
081150	티플랙스	KOSDAQ
100700	세운메디칼	KOSDAQ
091440	한울소재과학	KOSDAQ
067010	이씨에스	KOSDAQ
095500	미래나노텍	KOSDAQ
091580	상신이디피	KOSDAQ
089230	THE E&M	KOSDAQ
039290	인포뱅크	KOSDAQ
085670	뉴프렉스	KOSDAQ
079170	한창산업	KOSDAQ
075970	동국알앤에스	KOSDAQ
053290	NE능률	KOSDAQ
035600	KG이니시스	KOSDAQ
065710	서호전기	KOSDAQ
060280	큐렉소	KOSDAQ
039420	케이엘넷	KOSDAQ
054670	대한뉴팜	KOSDAQ
056730	CNT85	KOSDAQ
052020	에스티큐브	KOSDAQ
044960	이글벳	KOSDAQ
037950	엘컴텍	KOSDAQ
040610	SG&G	KOSDAQ
037350	성도이엔지	KOSDAQ
036560	KZ정밀	KOSDAQ
033290	로젠	KOSDAQ
030960	양지사	KOSDAQ
025550	한국선재	KOSDAQ
023790	동일스틸럭스	KOSDAQ
009620	삼보산업	KOSDAQ
020400	대동금속	KOSDAQ
017890	한국알콜	KOSDAQ
016920	카스	KOSDAQ
484870	엠앤씨솔루션	KOSPI
100090	SK오션플랜트	KOSPI
302440	SK바이오사이언스	KOSPI
241590	화승엔터프라이즈	KOSPI
002150	도화엔지니어링	KOSPI
009240	한샘	KOSPI
007610	선도전기	KOSPI
014130	한익스프레스	KOSPI
015590	DKME	KOSPI
011150	CJ씨푸드	KOSPI
005690	파미셀	KOSPI
007110	일신석재	KOSPI
002710	TCC스틸	KOSPI
003080	SB성보	KOSPI
005610	삼립	KOSPI
001040	CJ	KOSPI
001130	대한제분	KOSPI
464490	쿼드메디슨	KOSDAQ
950250	테라뷰	KOSDAQ
469610	이노테크	KOSDAQ
456160	지투지바이오	KOSDAQ
484120	도우인시스	KOSDAQ
303810	동국생명과학	KOSDAQ
475830	오름테라퓨틱	KOSDAQ
096250	와이즈넛	KOSDAQ
471820	셀로맥스사이언스	KOSDAQ
464080	에스오에스랩	KOSDAQ
440290	HB인베스트먼트	KOSDAQ
221800	지구홀딩스	KOSDAQ
303360	프로티아	KOSDAQ
417860	오브젠	KOSDAQ
367000	플래티어	KOSDAQ
322310	오로스테크놀로지	KOSDAQ
086710	선진뷰티사이언스	KOSDAQ
236810	엔비티	KOSDAQ
347740	피엔케이피부임상연구센타	KOSDAQ
103840	우양	KOSDAQ
306040	에스제이그룹	KOSDAQ
328380	솔트웨어	KOSDAQ
293780	압타바이오	KOSDAQ
125210	아모그린텍	KOSDAQ
260660	알리코제약	KOSDAQ
234300	에스트래픽	KOSDAQ
066360	체리부로	KOSDAQ
238490	힘스	KOSDAQ
220100	퓨쳐켐	KOSDAQ
239610	에이치엘사이언스	KOSDAQ
232140	와이씨	KOSDAQ
056090	시지메드텍	KOSDAQ
189980	흥국에프엔비	KOSDAQ
215100	로보로보	KOSDAQ
193250	링크드	KOSDAQ
200780	비씨월드제약	KOSDAQ
207760	미스터블루	KOSDAQ
198440	강동씨앤엘	KOSDAQ
200130	콜마비앤에이치	KOSDAQ
143160	아이디스	KOSDAQ
115610	이미지스	KOSDAQ
069410	엔텔스	KOSDAQ
079000	와토스코리아	KOSDAQ
041020	폴라리스오피스	KOSDAQ
082850	우리바이오	KOSDAQ
052460	아이크래프트	KOSDAQ
048870	시너지이노베이션	KOSDAQ
064260	다날	KOSDAQ
068930	디지털대성	KOSDAQ
021650	한국큐빅	KOSDAQ
060260	뉴보텍	KOSDAQ
046310	백금T&A	KOSDAQ
049720	고려신용정보	KOSDAQ
045510	정원엔시스	KOSDAQ
045970	코아시아	KOSDAQ
043200	파루	KOSDAQ
023600	삼보판지	KOSDAQ
007530	와이엠	KOSDAQ
005670	푸드웰	KOSDAQ
016670	디모아	KOSDAQ
019570	플루토스	KOSDAQ
480370	씨케이솔루션	KOSPI
499790	GS피앤엘	KOSPI
381970	케이카	KOSPI
077970	STX엔진	KOSPI
011300	우성머티리얼스	KOSPI
011090	에넥스	KOSPI
007460	에이프로젠	KOSPI
014530	극동유화	KOSPI
006570	대림통상	KOSPI
493330	지에프아이	KOSDAQ
476830	알지노믹스	KOSDAQ
340450	지씨지놈	KOSDAQ
098070	한텍	KOSDAQ
398120	에스지헬스케어	KOSDAQ
376270	HEM파마	KOSDAQ
199430	케이엔알시스템	KOSDAQ
088280	쏘닉스	KOSDAQ
430690	한싹	KOSDAQ
417500	제이아이테크	KOSDAQ
136410	아셈스	KOSDAQ
294570	쿠콘	KOSDAQ
335810	프리시젼바이오	KOSDAQ
330350	위더스제약	KOSDAQ
298060	풍전약품	KOSDAQ
124560	태웅로직스	KOSDAQ
286750	나노실리칸첨단소재	KOSDAQ
317240	TS트릴리온	KOSDAQ
307750	국전	KOSDAQ
290660	다이나믹솔루션	KOSDAQ
246710	티앤알바이오팹	KOSDAQ
303030	지니틱스	KOSDAQ
086820	바이오솔루션	KOSDAQ
263720	디앤씨미디어	KOSDAQ
230980	비유테크놀러지	KOSDAQ
206560	덱스터	KOSDAQ
105550	엣지파운드리	KOSDAQ
053300	한국정보인증	KOSDAQ
138360	앤로보틱스	KOSDAQ
159910	에코글로우	KOSDAQ
147830	제룡산업	KOSDAQ
115480	씨유메디칼	KOSDAQ
131100	티엔엔터테인먼트	KOSDAQ
131030	옵투스제약	KOSDAQ
123840	뉴온	KOSDAQ
900120	씨엑스아이	KOSDAQ
115570	스타플렉스	KOSDAQ
114630	폴라리스우노	KOSDAQ
099440	스맥	KOSDAQ
076080	웰크론한텍	KOSDAQ
068330	일신바이오	KOSDAQ
096350	대창솔루션	KOSDAQ
094480	갤럭시아머니트리	KOSDAQ
073540	에프알텍	KOSDAQ
080470	성창오토텍	KOSDAQ
082800	비보존 제약	KOSDAQ
046440	KG파이낸셜	KOSDAQ
067160	SOOP	KOSDAQ
042040	케이피엠테크	KOSDAQ
065500	오리엔트정공	KOSDAQ
060560	HC홈센타	KOSDAQ
054620	APS	KOSDAQ
049520	유아이엘	KOSDAQ
000250	삼천당제약	KOSDAQ
037370	EG	KOSDAQ
036090	위지트	KOSDAQ
035810	이지홀딩스	KOSDAQ
033100	제룡전기	KOSDAQ
032960	동일기연	KOSDAQ
029480	광무	KOSDAQ
192650	드림텍	KOSPI
267260	HD현대일렉트릭	KOSPI
037270	YG PLUS	KOSPI
003010	혜인	KOSPI
004410	서울식품공업	KOSPI
318060	그래피	KOSDAQ
397810	애드포러스	KOSDAQ
468530	프로티나	KOSDAQ
380550	뉴로핏	KOSDAQ
081180	쎄크	KOSDAQ
479960	위너스일렉	KOSDAQ
460940	피앤에스로보틱스	KOSDAQ
458870	씨어스	KOSDAQ
355690	에이텀	KOSDAQ
450520	인스웨이브	KOSDAQ
405920	나라셀라	KOSDAQ
372170	윤성에프앤씨	KOSDAQ
419120	산돌	KOSDAQ
296640	이노에이엑스	KOSDAQ
368600	아이씨에이치	KOSDAQ
328130	루닛	KOSDAQ
146320	비씨엔씨	KOSDAQ
195940	HK이노엔	KOSDAQ
363250	진시스템	KOSDAQ
373200	엑스플러스	KOSDAQ
363260	모비데이즈	KOSDAQ
348030	모비릭스	KOSDAQ
365590	하이딥	KOSDAQ
169330	엠브레인	KOSDAQ
297090	씨에스베어링	KOSDAQ
331520	밸로프	KOSDAQ
186230	그린플러스	KOSDAQ
148150	세경하이테크	KOSDAQ
053580	웹케시	KOSDAQ
217330	싸이토젠	KOSDAQ
289080	SV인베스트먼트	KOSDAQ
007680	대원	KOSDAQ
255440	야스	KOSDAQ
002800	신신제약	KOSDAQ
950140	잉글우드랩	KOSDAQ
148250	알엔투테크놀로지	KOSDAQ
133750	메가엠디	KOSDAQ
220260	켐트로스	KOSDAQ
208370	셀바스헬스케어	KOSDAQ
140520	대창스틸	KOSDAQ
204620	글로벌텍스프리	KOSDAQ
067570	엔브이에이치코리아	KOSDAQ
134060	이퓨쳐	KOSDAQ
101930	인화정공	KOSDAQ
089850	유비벨록스	KOSDAQ
096240	크레버스	KOSDAQ
059210	메타바이오메드	KOSDAQ
086670	비엠티	KOSDAQ
090470	제이스로보틱스	KOSDAQ
091700	파트론	KOSDAQ
080420	모다이노칩	KOSDAQ
065510	휴비츠	KOSDAQ
054050	NH농우바이오	KOSDAQ
053950	경남제약	KOSDAQ
051980	중앙첨단소재	KOSDAQ
038870	에코심플렉스	KOSDAQ
048430	유라테크	KOSDAQ
010470	오리콤	KOSDAQ
044780	에이치케이	KOSDAQ
003100	선광	KOSDAQ
012790	신일제약	KOSDAQ
034810	해성산업	KOSDAQ
025770	한국정보통신	KOSDAQ
032790	엠젠솔루션	KOSDAQ
032540	TJ미디어	KOSDAQ
025320	시노펙스	KOSDAQ
024830	세원물산	KOSDAQ
023410	유진기업	KOSDAQ
012620	원일특강	KOSDAQ
008830	대동기어	KOSDAQ
475560	더본코리아	KOSPI
079160	CJ CGV	KOSPI
027740	마니커	KOSPI
001360	삼성제약	KOSPI
001070	대한방직	KOSPI
408470	한패스	KOSDAQ
459550	알트	KOSDAQ
486990	노타	KOSDAQ
484590	삼양컴텍	KOSDAQ
226590	엠디바이스	KOSDAQ
462980	아이지넷	KOSDAQ
176750	듀켐바이오	KOSDAQ
308430	셀비온	KOSDAQ
456070	이엔셀	KOSDAQ
389650	넥스트바이오메디컬	KOSDAQ
088340	유라클	KOSDAQ
460930	현대힘스	KOSDAQ
453860	에이에스텍	KOSDAQ
285800	진영	KOSDAQ
271830	팸텍	KOSDAQ
251120	바이오에프디엔씨	KOSDAQ
352700	씨앤투스	KOSDAQ
265740	엔에프씨	KOSDAQ
065370	위세아이텍	KOSDAQ
311690	CJ 바이오사이언스	KOSDAQ
340360	다보링크	KOSDAQ
216080	제테마	KOSDAQ
311390	네오크레마	KOSDAQ
305090	마이크로디지탈	KOSDAQ
228760	지노믹트리	KOSDAQ
246960	SCL사이언스	KOSDAQ
179290	엠아이텍	KOSDAQ
290670	대보마그네틱	KOSDAQ
299170	더블유에스아이	KOSDAQ
042000	카페24	KOSDAQ
255220	SG	KOSDAQ
087260	모바일어플라이언스	KOSDAQ
156100	엘앤케이바이오	KOSDAQ
224060	더코디	KOSDAQ
180400	DXVX	KOSDAQ
196700	웹스	KOSDAQ
214180	헥토이노베이션	KOSDAQ
214270	FSN	KOSDAQ
100130	동국S&C	KOSDAQ
096630	에스코넥	KOSDAQ
068050	팬엔터테인먼트	KOSDAQ
050090	비케이홀딩스	KOSDAQ
072470	우리산업홀딩스	KOSDAQ
067080	대화제약	KOSDAQ
054930	유신	KOSDAQ
054040	한국컴퓨터	KOSDAQ
043590	웰킵스하이텍	KOSDAQ
047770	코데즈컴바인	KOSDAQ
058820	CMG제약	KOSDAQ
048910	대원미디어	KOSDAQ
043340	에쎈테크	KOSDAQ
027830	대성창투	KOSDAQ
033320	제이씨현시스템	KOSDAQ
003800	에이스침대	KOSDAQ
025980	아난티	KOSDAQ
025880	케이씨피드	KOSDAQ
023910	대한약품	KOSDAQ
023760	한국캐피탈	KOSDAQ
013720	THE CUBE&	KOSDAQ
000440	중앙에너비스	KOSDAQ
112610	씨에스윈드	KOSPI
024090	디씨엠	KOSPI
014820	동원시스템즈	KOSPI
001340	PKC	KOSPI
000070	인벤테라	KOSDAQ
000070	아크릴	KOSDAQ
388610	지에프씨생명과학	KOSDAQ
481070	에이유브랜즈	KOSDAQ
452400	이닉스	KOSDAQ
413640	비아이매트릭스	KOSDAQ
388870	파로스아이바이오	KOSDAQ
417790	트루엔	KOSDAQ
407400	꿈비	KOSDAQ
419530	SAMG엔터	KOSDAQ
067370	선바이오	KOSDAQ
288980	모아데이타	KOSDAQ
377450	리파인	KOSDAQ
294140	레몬	KOSDAQ
214260	라파스	KOSDAQ
317530	에피소드컴퍼니	KOSDAQ
263020	디케이앤디	KOSDAQ
900300	오가닉티코스메틱	KOSDAQ
109610	에스와이	KOSDAQ
223310	사토시홀딩스	KOSDAQ
226340	본느	KOSDAQ
175140	휴먼테크놀로지	KOSDAQ
177350	베셀	KOSDAQ
177830	파버나인	KOSDAQ
192390	윈하이텍	KOSDAQ
153460	네이블	KOSDAQ
140410	메지온	KOSDAQ
121440	골프존홀딩스	KOSDAQ
008470	부스타	KOSDAQ
041460	한국전자인증	KOSDAQ
126600	BGF에코머티리얼즈	KOSDAQ
126700	하이비젼시스템	KOSDAQ
123750	알톤	KOSDAQ
122690	서진오토모티브	KOSDAQ
900110	딥커머스	KOSDAQ
063170	서울옥션	KOSDAQ
064480	브리지텍	KOSDAQ
092600	앤씨앤	KOSDAQ
078590	휴림에이텍	KOSDAQ
079650	서산	KOSDAQ
065770	CS	KOSDAQ
073190	듀오백	KOSDAQ
066130	하츠	KOSDAQ
064800	포니링크	KOSDAQ
056700	신화인터텍	KOSDAQ
053350	이니텍	KOSDAQ
036670	삼양케이씨아이	KOSDAQ
014570	고려제약	KOSDAQ
001810	무림SP	KOSDAQ
026040	제이에스티나	KOSDAQ
035080	그래디언트	KOSDAQ
032750	삼진	KOSDAQ
032620	GC메디아이	KOSDAQ
012700	리드코프	KOSDAQ
009780	엠에스씨	KOSDAQ
005710	대원산업	KOSDAQ
002230	피에스텍	KOSDAQ
013030	하이록코리아	KOSDAQ
010660	화천기계	KOSPI
003570	SNT다이내믹스	KOSPI
462310	뉴키즈온	KOSDAQ
372320	큐로셀	KOSDAQ
416180	신성에스티	KOSDAQ
348080	큐라티스	KOSDAQ
417180	핑거스토리	KOSDAQ
378800	샤페론	KOSDAQ
417970	모델솔루션	KOSDAQ
362320	청담글로벌	KOSDAQ
377220	프롬바이오	KOSDAQ
337930	젝시믹스	KOSDAQ
336060	웨이버스	KOSDAQ
300120	라온피플	KOSDAQ
238200	비피도	KOSDAQ
310200	애니플러스	KOSDAQ
140670	알에스오토메이션	KOSDAQ
208860	다산디엠씨	KOSDAQ
182360	큐브엔터	KOSDAQ
141080	리가켐바이오	KOSDAQ
159580	제로투세븐	KOSDAQ
105740	디케이락	KOSDAQ
094850	참좋은여행	KOSDAQ
011080	형지I&C	KOSDAQ
065950	웰크론	KOSDAQ
060230	제이케이시냅스	KOSDAQ
063440	SM Life Design	KOSDAQ
052400	코나아이	KOSDAQ
052790	액토즈소프트	KOSDAQ
049830	승일	KOSDAQ
018680	서울제약	KOSDAQ
038290	마크로젠	KOSDAQ
016250	SGC E&C	KOSDAQ
036120	서울평가정보	KOSDAQ
033130	디지틀조선	KOSDAQ
006050	국영지앤엠	KOSDAQ
271940	일진하이솔루스	KOSPI
012280	영화금속	KOSPI
000520	삼일제약	KOSPI
331740	아우토크립트	KOSDAQ
489460	바이오비쥬	KOSDAQ
376900	로킷헬스케어	KOSDAQ
450950	아스테라시스	KOSDAQ
163280	에어레인	KOSDAQ
475960	토모큐브	KOSDAQ
289930	웨이비스	KOSDAQ
036220	오상헬스케어	KOSDAQ
446840	지슨	KOSDAQ
360070	탑머티리얼	KOSDAQ
424760	벨로크	KOSDAQ
366030	공구우먼	KOSDAQ
376930	노을	KOSDAQ
371950	풍원정밀	KOSDAQ
211050	인카금융서비스	KOSDAQ
372800	아이티아이즈	KOSDAQ
376300	디어유	KOSDAQ
389030	지니너스	KOSDAQ
352480	씨앤씨인터내셔널	KOSDAQ
317690	퀀타매트릭스	KOSDAQ
318020	포인트모바일	KOSDAQ
195500	마니커에프앤지	KOSDAQ
197140	디지캡	KOSDAQ
290740	액트로	KOSDAQ
216050	인크로스	KOSDAQ
050960	수산아이앤티	KOSDAQ
225530	HC보광산업	KOSDAQ
127120	제이에스링크	KOSDAQ
123330	제닉	KOSDAQ
108380	대양전기공업	KOSDAQ
069140	누리플랜	KOSDAQ
106190	하이텍팜	KOSDAQ
050860	아세아텍	KOSDAQ
084180	수성웹툰	KOSDAQ
068790	DMS	KOSDAQ
065350	신성델타테크	KOSDAQ
057030	YBM넷	KOSDAQ
049120	파인디앤씨	KOSDAQ
045390	대아티아이	KOSDAQ
050110	캠시스	KOSDAQ
036890	진성티이씨	KOSDAQ
039560	다산네트웍스	KOSDAQ
037330	인지디스플레	KOSDAQ
032850	비트컴퓨터	KOSDAQ
011370	서한	KOSDAQ
476040	오가노이드사이언스	KOSDAQ
432430	와이랩	KOSDAQ
359090	씨엔알리서치	KOSDAQ
298540	더네이쳐홀딩스	KOSDAQ
353190	휴럼	KOSDAQ
317850	대모	KOSDAQ
261200	덴티스	KOSDAQ
200230	텔콘RF제약	KOSDAQ
085810	알티캐스트	KOSDAQ
043910	자연과환경	KOSDAQ
049470	비트플래닛	KOSDAQ
025870	신라에스지	KOSDAQ
403850	더핑크퐁컴퍼니	KOSDAQ
494120	큐리오시스	KOSDAQ
475230	엔알비	KOSDAQ
188040	바이오포트	KOSDAQ
475660	에스켐	KOSDAQ
394800	쓰리빌리언	KOSDAQ
464280	티디에스팜	KOSDAQ
462510	라메디텍	KOSDAQ
360350	코셈	KOSDAQ
403490	우듬지팜	KOSDAQ
210120	캔버스엔	KOSDAQ
389020	자람테크놀로지	KOSDAQ
129920	대성하이텍	KOSDAQ
203400	에이비온	KOSDAQ
318410	비비씨	KOSDAQ
226330	신테카바이오	KOSDAQ
300080	플리토	KOSDAQ
251970	펌텍코리아	KOSDAQ
308100	형지글로벌	KOSDAQ
111710	남화산업	KOSDAQ
263700	케어랩스	KOSDAQ
226400	오스테오닉	KOSDAQ
263920	휴엠앤씨	KOSDAQ
003380	하림지주	KOSDAQ
072990	에이치시티	KOSDAQ
065660	안트로젠	KOSDAQ
222980	한국맥널티	KOSDAQ
200670	휴메딕스	KOSDAQ
104540	코렌텍	KOSDAQ
122870	와이지엔터테인먼트	KOSDAQ
137950	제이씨케미칼	KOSDAQ
126880	제이엔케이글로벌	KOSDAQ
058400	KNN	KOSDAQ
080530	코디	KOSDAQ
109740	디에스케이	KOSDAQ
101160	월덱스	KOSDAQ
084110	휴온스글로벌	KOSDAQ
070590	인티큐브	KOSDAQ
069510	에스텍	KOSDAQ
049630	재영솔루텍	KOSDAQ
039310	세중	KOSDAQ
032190	다우데이타	KOSDAQ
006730	서부T&D	KOSDAQ
019660	글로본	KOSDAQ
026890	스틱인베스트먼트	KOSPI
388210	씨엠티엑스	KOSDAQ
475400	씨메스로보틱스	KOSDAQ
439580	블루엠텍	KOSDAQ
148780	비큐AI	KOSDAQ
289220	자이언트스텝	KOSDAQ
215200	메가스터디교육	KOSDAQ
215000	골프존	KOSDAQ
130740	티피씨글로벌	KOSDAQ
033830	티비씨	KOSDAQ
115310	인포바인	KOSDAQ
002680	한탑	KOSDAQ
473980	노머스	KOSDAQ
291810	핀텔	KOSDAQ
270520	앱튼	KOSDAQ
144510	지씨셀	KOSDAQ
191420	테고사이언스	KOSDAQ
081580	성우전자	KOSDAQ
036190	금화피에스시	KOSDAQ
007720	소노스퀘어	KOSDAQ
389680	유디엠텍	KOSDAQ